id,
pstake-finance,
e-money-eur,
juno-network,
terra-luna,
cerberus-2,
hash-token,
sommelier,
assetmantle,
microtick,
regen,
galaxer,
bootleg-nft,
terrausd,
umee,
cmdx,
terra-krw,
cheqd-network,
neta,
medibloc,
kujira,
likecoin,
dig-chain,
hope-galaxy,
wrapped-bitcoin,
comdex,
darcmatter-coin,
ixo,
osmosis,
persistence,
stakeeasy-bjuno,
stakeeasy-juno-derivative,
stride-staked-atom,
seasy,
cosmos,
crescent-network,
crypto-com-chain,
injective-protocol,
arable-protocol,
inter-stable-token,
weth,
usdx,
odin-protocol,
chihuahua-token,
agoric,
stargaze,
lum-network,
starname,
ki,
graviton,
e-money,
fetch-ai,
axelar,
racoon,
posthuman,
sentinel,
stride,
usk,
dai,
ion,
iris-network,
evmos,
desmos,
akash-network,
osmosis
