blockchain,blockchain_id
alephium,alephium
algorand,algorand
algorand,17
aptos,141
aptos,aptos
arbitrum,arbitrum-one
arbitrum,arbitrum-nova
arbitrum,139
arbitrum,51
arbitrum,11841
astar,125
astar,astar
astarzkevm,astar-zkevm
auranetwork,aura-network
aurora,aurora
aurora,98
avalanche,avalanche
avalanche,5805
avalanche,28
avalanchedfk,113
avalanchexchain,123
base,base
base,199
beam,beam
beam,209
bitcichain,bitcichain
bitcichain,92
bitcoincash,39
bitcoincash,bitcoin-cash
bitcoinsv,171
bitgert,118
bitgert,bitgert
bitgert,11079
bitkubchain,bitkub-chain
bitrock,bitrock
bittorrent,bittorrent
blast,blast
blast,210
bnb beacon chain,14
bnb beacon chain,15
boba,69
boba,boba
bsc,1839
bsc,binancecoin
bsc,binance-smart-chain
caduceus,124
callisto,callisto
canto,137
canto,canto
cardano,cardano
cardano,29
cardano,2010
celernetwork,celer-network
celo,celo
celo,35
chiliz,chiliz
chiliz,8
clover,clover
coinexsmartchain,coinex-smart-chain
conflux,conflux
conflux,41
core,core
core,181
cosmos,cosmos
cosmos,osmosis
cosmos,terra-2
cosmos,117
cosmos,terra
cosmos,120
cosmos,56
cosmos,evmos
cosmos,90
cronos,cronos
cronos,68
cronos,3635
cube,cube
cubenetwork,128
defikingdomsblockchain,defi-kingdoms-blockchain
dogechain,136
dogechain,dogechain
drc20,drc-20
echelon,echelon
elastos,110
elastos,elastos
elrond,elrond
elrond,38
empire,empire
energi,energi
energi,167
enqenecuum,enq-enecuum
eos,eos-evm
eos,eos
eos,3
eos,186
ergo,ergo
ethereum,ethereum
ethereum,1027
ethereum,1
ethereumclassic,ethereum-classic
ethereumclassic,82
ethereumpow,21296
ethereumpow,140
ethereumpow,ethereumpow
everscale,everscale
exosama,exosama
factom,factom
fantom,fantom
fantom,3513
fantom,24
filecoin,147
findora,findora
flarenetwork,174
flarenetwork,flare-network
flow,flow
fraxtal,fraxtal
functionx,function-x
fuse,fuse
fuse,107
fusionnetwork,fusion-network
gnosis,xdai
gnosis,20
gochain,gochain
gochain,87
godwoken,godwoken
harmony,harmony-shard-0
harmony,48
heco,19
hederahashgraph,93
hederahashgraph,hedera-hashgraph
hoo,hoo-smart-chain
hoo,hoo
hoo,91
htmlcoin,44
humanode,humanode
huobitoken,huobi-token
hydra,hydra
hypranetwork,hypra-network
icon,icon
icon,9
icp,18
immutable,immutable
injective,injective
injective,179
internetcomputer,internet-computer
iost,5
iotex,59
iotex,iotex
juno,juno
kadena,138
kadena,kadena
kardiachain,kardiachain
kardiachain,53
karura,121
karura,karura
kava,73
kava,kava
kcc,43
klaytn,26
klaytoken,klay-token
klever,180
kucoincommunitychain,kucoin-community-chain
kujira,kujira
kujira,130
lightlink,lightlink
linea,linea
linea,198
mantapacific,manta-pacific
mantapacific,204
mantle,mantle
mantle,195
map,184
merlinchain,merlin-chain
meter,meter
meter,105
metisandromeda,metis-andromeda
metisandromeda,99
migaloo,migaloo
milkomeda,114
milkomeda,milkomeda-cardano
mixinnetwork,mixin-network
mode,mode
moonbeam,moonbeam
moonbeam,50
moonriver,9285
moonriver,54
moonriver,moonriver
near,near-protocol
near,60
nem,72
nem,nem
neo,4
neo,neo
neonevm,197
neonevm,neon-evm
neutron,neutron
nfterc1155ethereum,108
nfterc721(polygon),104
nuls,75
nuls,nuls
oasis,oasis
oasis,94
oasissapphire,oasis-sapphire
oasys,oasys
okexchain,31
okexchain,okex-chain
omax,omax
ont,40
ontology,ontology
onus,onus
opbnb,opbnb
opbnb,200
optimism,42
optimism,11840
optimism,optimistic-ethereum
ordinals,ordinals
ordinals,190
polkadot,37
polkadot,polkadot
polygon,25
polygon,polygon-pos
polygon,3890
polygonzkevm,polygon-zkevm
polygonzkevm,185
proofofmemes,proof-of-memes
pulsechain,189
pulsechain,pulsechain
qtum,qtum
radix,142
radix,radix
railsnetwork,rails-network
rollux,rollux
ronin,66
ronin,ronin
rootstock,rootstock
rootstockrsk,84
rskrbtc,61
scroll,scroll
scroll,205
secret,secret
secret,96
seinetwork,188
seinetwork,sei-network
sero,81
sero,sero
sge,sge
shibarium,shibarium
shibarium,201
shibchain,shibchain
shidennetwork,shiden network
shimmer_evm,shimmer_evm
skale,skale
smartbch,smartbch
solana,16
solana,solana
solana,5426
songbird,songbird
songbird,102
sora,58
sora,sora
stacks,stacks
stacks,119
starknet,starknet
stellar,27
stellar,stellar
step,146
stepnetwork,step-network
sui,sui
suinetwork,suinetwork
suinetwork,176
superzero,super-zero
sxnetwork,165
sxnetwork,sx-network
syscoin,111
syscoin,syscoin
telos,telos
telos,62
tenet,tenet
terraclassic,22
tezos,tezos
tezos,57
theopennetwork,the-open-network
theta,theta
thetanetwork,122
thundercore,thundercore
tombchain,tombchain
tomochain,tomochain
ton,173
tron,tron
tron10,2
tron20,47
trustlesscomputer,trustless-computer
vechain,vechain
vechain,32
velas,velas
velas,63
viction,12
vite,vite
vite,86
wanchain,wanchain
wanchain,21
waves,waves
waves,23
wax,11
wemix,143
wemixnetwork,wemix-network
xdcnetwork,xdc-network
xdcnetwork,163
xrp,xrp
xrpledger,55
yocoin,yocoin
zeta,211
zetachain,zetachain
zilliqa,zilliqa
zilliqa,49
zkfair,zkfair
zkfair,208
zksync,zksync
zksyncera,183
zoranetwork,zora-network