id,provider
pstake-finance,coingecko
e-money-eur,coingecko
juno-network,coingecko
terra-luna,coingecko
cerberus-2,coingecko
hash-token,coingecko
sommelier,coingecko
assetmantle,coingecko
microtick,coingecko
regen,coingecko
galaxer,coingecko
bootleg-nft,coingecko
terrausd,coingecko
umee,coingecko
cmdx,coingecko
terra-krw,coingecko
cheqd-network,coingecko
neta,coingecko
medibloc,coingecko
kujira,coingecko
likecoin,coingecko
dig-chain,coingecko
hope-galaxy,coingecko
wrapped-bitcoin,coingecko
comdex,coingecko
darcmatter-coin,coingecko
ixo,coingecko
osmosis,coingecko
persistence,coingecko
stakeeasy-bjuno,coingecko
stakeeasy-juno-derivative,coingecko
stride-staked-atom,coingecko
seasy,coingecko
cosmos,coingecko
crescent-network,coingecko
crypto-com-chain,coingecko
injective-protocol,coingecko
arable-protocol,coingecko
inter-stable-token,coingecko
weth,coingecko
usdx,coingecko
odin-protocol,coingecko
chihuahua-token,coingecko
agoric,coingecko
stargaze,coingecko
lum-network,coingecko
starname,coingecko
ki,coingecko
graviton,coingecko
e-money,coingecko
fetch-ai,coingecko
axelar,coingecko
racoon,coingecko
posthuman,coingecko
sentinel,coingecko
stride,coingecko
usk,coingecko
dai,coingecko
ion,coingecko
iris-network,coingecko
evmos,coingecko
desmos,coingecko
akash-network,coingecko
osmosis,coingecko
7431,coinmarketcap
7281,coinmarketcap
3874,coinmarketcap
3635,coinmarketcap
7271,coinmarketcap
4679,coinmarketcap
3794,coinmarketcap
14973,coinmarketcap
17748,coinmarketcap
2909,coinmarketcap
8905,coinmarketcap
13314,coinmarketcap
19899,coinmarketcap
18051,coinmarketcap
8279,coinmarketcap
17338,coinmarketcap
3773,coinmarketcap
4315,coinmarketcap
5604,coinmarketcap
9908,coinmarketcap
5835,coinmarketcap
2620,coinmarketcap
4263,coinmarketcap
17208,coinmarketcap
9480,coinmarketcap
3717,coinmarketcap
2396,coinmarketcap
12220,coinmarketcap
7226,coinmarketcap
17799,coinmarketcap
4846,coinmarketcap
14299,coinmarketcap
17451,coinmarketcap
22630,coinmarketcap
328,coinmarketcap
19640,coinmarketcap
14713,coinmarketcap
13877,coinmarketcap
22669,coinmarketcap
12256,coinmarketcap
19111,coinmarketcap
19938,coinmarketcap
11646,coinmarketcap
4172,coinmarketcap
9388,coinmarketcap
17183,coinmarketcap
7129,coinmarketcap
18699,coinmarketcap
16389,coinmarketcap
19686,coinmarketcap
9546,coinmarketcap
2643,coinmarketcap
5590,coinmarketcap
3408,coinmarketcap
16697,coinmarketcap
20381,coinmarketcap
2303,coinmarketcap
21781,coinmarketcap
16842,coinmarketcap